ID,Name
072bb365020842ddbaf4e9b5fa9201be,Joe John
2124fe8fbfcd465c9c4ea23d31857d11,freywood 
3b3e5df26a6b46379b4138e2c2d0fef4,Nikki
48021ebdcf6f4fcdba907ded3c56359b,pmcroft12345
4ab8e92ca4e949dda9e3756bfbe0c411,Drew
6696705e800547579fc29e200041985c,Tom Griffiths
7377fa78c5a6438ba7f44db195b1bee2,Crowley
7a4382ab088949ae8b01266fd14b56a5,Paul
93761ebd8e98457193835edd23cbf342,dfinegan85
9542d42ff7d24c4aa3c9721752a46e9d,Claire
9f0e70a8dcc241f8a8f35e19f687c8ff,Peter Newbitt-Jones
9faa2b3e396244288cbbd9cea0f44119,Katherine King
bed280b6339f44c3b7e602a92b114b38,Rebecca Rush
c8ec131f45ee4bba96860b40fc378d80,Heather
cc40c0b357ab456789e113b94a55bb4e,ChannieN
e8ef62be759142a49a7ff793a8b60bd0,mdpnash
f77602f9f478467d935f3ad9a2156bab,Mazzini
